Submission ID	Respondent ID	Submitted at	Name	Select the match	Winner Prediction	Bonus Question Answer	Bonus Question Answer	Dup Rank																		
o9by58M	2Evd1kL	2026-03-25 14:40:04	Sree	M1 - 28/03/26 - 19:30 - Royal Challengers Bengaluru Vs Sunrisers Hyderabad	RCB			1																		
jeaMVl1	0QvR7bN	2026-03-25 21:41:48	Sumesh	M1 - 28/03/26 - 19:30 - Royal Challengers Bengaluru Vs Sunrisers Hyderabad	SRH			1																		
9NqOyl4	LZY20v2	2026-03-26 06:55:32	Kuru	M1 - 28/03/26 - 19:30 - Royal Challengers Bengaluru Vs Sunrisers Hyderabad	RCB			1																		
OQDLe0K	9qvKOZX	2026-03-26 07:01:28	Vis	M1 - 28/03/26 - 19:30 - Royal Challengers Bengaluru Vs Sunrisers Hyderabad	SRH			1																		
KpYL91A	EkDO80l	2026-03-26 07:46:31	Fahmi	M1 - 28/03/26 - 19:30 - Royal Challengers Bengaluru Vs Sunrisers Hyderabad	RCB			1																		
xVX2A09	Y5YAVoJ	2026-03-26 07:47:28	DD	M1 - 28/03/26 - 19:30 - Royal Challengers Bengaluru Vs Sunrisers Hyderabad	RCB			1																		
GexDjJe	b5rJBj7	2026-03-26 10:26:42	Binu	M1 - 28/03/26 - 19:30 - Royal Challengers Bengaluru Vs Sunrisers Hyderabad	RCB			1																		
OQDY68R	rjL4Bkl	2026-03-26 10:59:35	Nani	M7 - 03/04/26 - 19:30 - Chennai Super Kings Vs Punjab Kings	CSK			1																		
1WAvLzL	rjL4Bkl	2026-03-26 11:00:39	Nani	M1 - 28/03/26 - 19:30 - Royal Challengers Bengaluru Vs Sunrisers Hyderabad	RCB			1																		
rDjdbEl	q4Wre48	2026-03-26 13:25:25	Arya	M1 - 28/03/26 - 19:30 - Royal Challengers Bengaluru Vs Sunrisers Hyderabad	RCB			1																		
9Nq6NAK	pbWQvzq	2026-03-26 17:24:47	Veena	M1 - 28/03/2026 - 7:30:00 PM IST - RCB Vs SRH	RCB			1																		
Nqp4VjG	BzDrV1K	2026-03-26 18:11:08	Saji	M1 - 28/03/2026 - 7:30:00 PM IST - RCB Vs SRH	RCB			1																		
o9bKEVM	ODYR6Yk	2026-03-27 02:08:12	Kichu	M1 - 28/03/2026 - 7:30:00 PM IST - RCB Vs SRH	RCB			1																		
GexXQkj	818OZ8o	2026-03-27 04:39:58	Ani	M1 - 28/03/2026 - 7:30:00 PM IST - RCB Vs SRH	SRH			1																		
Dq4AMyq	eq24RZQ	2026-03-27 04:47:56	CK	M1 - 28/03/2026 - 7:30:00 PM IST - RCB Vs SRH	SRH			1																		
8N1AlJr	q4Wre48	2026-03-27 06:31:55	Pathu	M1 - 28/03/2026 - 7:30:00 PM IST - RCB Vs SRH	RCB			1																		
PRdPL1P	ODYprKY	2026-03-28 00:33:01	Joychan	M2 - 29/03/2026 - 7:30:00 PM' IST - MI Vs KKR	KKR			1																		
gbDOXQO	ODYprKY	2026-03-28 00:35:27	Joychan	M3 - 30/03/2026 - 7:30:00 PM IST - RR Vs CSK	CSK			1																		
vXGWVdQ	ODYprKY	2026-03-28 00:36:15	Joychan	M4 - 31/03/2026 - 7:30:00 PM IST - PBKS Vs GT	GT			1																		
e5qo8jJ	ODYprKY	2026-03-28 00:37:39	Joychan	M6 - 02/04/2026 - 7:30:00 PM IST - KKR Vs SRH	KKR			1																		
2jERzWe	ODYprKY	2026-03-28 00:38:47	Joychan	M7 - 03/04/2026 - 7:30:00 PM IST - CSK Vs PBKS	CSK			1																		
bZ5AMP7	ODYprKY	2026-03-28 00:47:16	Joychan	M1 - 28/03/2026 - 7:30:00 PM IST - RCB Vs SRH	RCB			1																		
LDZNZyO	rjL4Bkl	2026-03-28 17:52:04	Nani	M2 - 29/03/2026 - 7:30:00 PM' IST - MI Vs KKR	KKR	D		1																		
9NqyB9Q	ODYR6Yk	2026-03-28 18:01:14	Kichu	M2 - 29/03/2026 - 7:30:00 PM' IST - MI Vs KKR	MI	D		1																		
o9b1DGx	dWDWBDD	2026-03-28 18:08:16	DD	M2 - 29/03/2026 - 7:30:00 PM' IST - MI Vs KKR	MI	E		1																		
2jEyPej	9qvKOZX	2026-03-28 18:36:57	Vis	M2 - 29/03/2026 - 7:30:00 PM' IST - MI Vs KKR	MI	E		1																		
M1eq5qE	ZjYM1q0	2026-03-28 19:11:36	Sree	M2 - 29/03/2026 - 7:30:00 PM' IST - MI Vs KKR	MI	E		1																		
kbd15JR	pbWQvzq	2026-03-28 19:17:48	Veena	M2 - 29/03/2026 - 7:30:00 PM' IST - MI Vs KKR	MI	E		1																		
1WAybEg	LZY20v2	2026-03-28 19:46:33	Kuru	M2 - 29/03/2026 - 7:30:00 PM' IST - MI Vs KKR	MI	D		1																		
q547ZW8	2EJjV4A	2026-03-28 23:15:56	Sumesh	M2 - 29/03/2026 - 7:30:00 PM' IST - MI Vs KKR	MI	E		1																		
Eqkr50A	LZJDNDG	2026-03-28 23:51:20	Binu	M2 - 29/03/2026 - 7:30:00 PM' IST - MI Vs KKR	MI	E		1																		
X5xvGYz	eq24RZQ	2026-03-29 01:12:35	CK	M2 - 29/03/2026 - 7:30:00 PM' IST - MI Vs KKR	KKR	A		1																		
KpYAQKX	EkDO80l	2026-03-29 06:43:10	Fahmi	M2 - 29/03/2026 - 7:30:00 PM' IST - MI Vs KKR	MI	D		1																		
Dq496ZN	818OZ8o	2026-03-29 11:18:55	Ani	M2 - 29/03/2026 - 7:30:00 PM' IST - MI Vs KKR	MI	D		1																		
dbWoGbo	NpJDOqQ	2026-03-29 15:06:13	Sumesh	M3 - 30/03/2026 - 7:30:00 PM IST - RR Vs CSK	CSK			1																		
pebN2xb	pbWQvzq	2026-03-29 15:20:43	Veena	M3 - 30/03/2026 - 7:30:00 PM IST - RR Vs CSK	CSK			1																		
X5x7bLO	9qvKOZX	2026-03-29 15:21:07	Vis	M3 - 30/03/2026 - 7:30:00 PM IST - RR Vs CSK	RR			1																		
0VQYWxP	2Evd1kL	2026-03-29 15:21:55	Sree	M3 - 30/03/2026 - 7:30:00 PM IST - RR Vs CSK	CSK			1																		
kbd4P5r	ODYR6Yk	2026-03-29 15:22:23	Kichu	M3 - 30/03/2026 - 7:30:00 PM IST - RR Vs CSK	CSK			1																		
Yj5bL0J	rjL4Bkl	2026-03-29 15:53:32	Nani	M3 - 30/03/2026 - 7:30:00 PM IST - RR Vs CSK	CSK			1																		
9Nq0B0V	LZY20v2	2026-03-29 16:22:56	Kuru	M3 - 30/03/2026 - 7:30:00 PM IST - RR Vs CSK	RR			1																		
PRdQzy1	J9JdQrd	2026-03-29 16:44:42	Pathu	M5 - 01/04/2026 - 7:30:00 PM IST - LSG Vs DC	LSG			1																		
QoK97Z8	J9JdQrd	2026-03-29 16:46:00	Pathu	M6 - 02/04/2026 - 7:30:00 PM IST - KKR Vs SRH	KKR			1																		
Dq4OzkX	J9JdQrd	2026-03-29 16:47:45	Pathu	M7 - 03/04/2026 - 7:30:00 PM IST - CSK Vs PBKS	CSK			1																		
Dq4OPNl	WOMENEJ	2026-03-29 18:52:56	DD	M3 - 30/03/2026 - 7:30:00 PM IST - RR Vs CSK	CSK			1																		
aOQpBKb	ODJ49J8	2026-03-29 21:37:19	Binu	M3 - 30/03/2026 - 7:30:00 PM IST - RR Vs CSK	CSK			1																		
rDjME7X	EkDO80l	2026-03-30 03:05:12	Fahmi	M3 - 30/03/2026 - 7:30:00 PM IST - RR Vs CSK	CSK			1																		
bZ5p1Y6	818OZ8o	2026-03-30 12:42:45	Ani	M3 - 30/03/2026 - 7:30:00 PM IST - RR Vs CSK	RR			1																		
zExkL4q	yPEYz68	2026-03-30 14:44:34	Sumesh	M4 - 31/03/2026 - 7:30:00 PM IST - PBKS Vs GT	GT			1																		
M1e0XgY	LZY20v2	2026-03-30 16:07:01	Kuru	M4 - 31/03/2026 - 7:30:00 PM IST - PBKS Vs GT	PBKS			1																		
vXGRrAd	9qvKOZX	2026-03-30 16:09:22	Vis	M4 - 31/03/2026 - 7:30:00 PM IST - PBKS Vs GT	PBKS			1																		
7XRQd4Z	rjL4Bkl	2026-03-30 16:37:17	Nani	M4 - 31/03/2026 - 7:30:00 PM IST - PBKS Vs GT	PBKS			1																		
7XRQ8vz	pbWQvzq	2026-03-30 18:49:43	Veena	M4 - 31/03/2026 - 7:30:00 PM IST - PBKS Vs GT	GT			1																		
yXPV01W	ZjYM1q0	2026-03-31 00:56:36	Sree	M4 - 31/03/2026 - 7:30:00 PM IST - PBKS Vs GT	GT			1																		
X5xZ8Md	ODYR6Yk	2026-03-31 01:15:03	Kichu	M4 - 31/03/2026 - 7:30:00 PM IST - PBKS Vs GT	PBKS			1																		
QoKPlbG	q4Wre48	2026-03-31 02:55:20	Arya	M4 - 31/03/2026 - 7:30:00 PM IST - PBKS Vs GT	GT			1																		
RWGENVK	eq24RZQ	2026-03-31 03:06:16	CK	M4 - 31/03/2026 - 7:30:00 PM IST - PBKS Vs GT	PBKS			1																		
PRdaR1V	0QJx42N	2026-03-31 04:07:46	Binu	M4 - 31/03/2026 - 7:30:00 PM IST - PBKS Vs GT	PBKS			1																		
xVVxMEy	EkDO80l	2026-03-31 11:06:13	Fahmi	M4 - 31/03/2026 - 7:30:00 PM IST - PBKS Vs GT	GT			1																		
yXXZ4Wp	EkDO80l	2026-03-31 11:11:55	Fahmi	M5 - 01/04/2026 - 7:30:00 PM IST - LSG Vs DC	DC			1																		
GeevlDL	81PkPOY	2026-03-31 11:17:50	Saji	M4 - 31/03/2026 - 7:30:00 PM IST - PBKS Vs GT	PBKS			1																		
Z995BXV	1AJKoOW	2026-03-31 13:04:03	DD	M4 - 31/03/2026 - 7:30:00 PM IST - PBKS Vs GT	PBKS			1																		
aOON8yv	q4Wre48	2026-03-31 13:24:39	Pathu	M4 - 31/03/2026 - 7:30:00 PM IST - PBKS Vs GT	PBKS			1																		
gbbDa0d	1AJKoOW	2026-03-31 13:40:43	DD	M5 - 01/04/2026 - 7:30:00 PM IST - LSG Vs DC	DC			1																		
RWWGxNp	rjL4Bkl	2026-03-31 13:42:56	Nani	M5 - 01/04/2026 - 7:30:00 PM IST - LSG Vs DC	LSG			1																		
jeeabEY	dWDALby	2026-03-31 13:45:25	Sumesh	M5 - 01/04/2026 - 7:30:00 PM IST - LSG Vs DC	LSG			1																		
0VVQYRZ	9qvKOZX	2026-03-31 15:26:03	Vis	M5 - 01/04/2026 - 7:30:00 PM IST - LSG Vs DC	DC			1																		
Kppp2aV	pbWQvzq	2026-03-31 18:08:17	Veena	M5 - 01/04/2026 - 7:30:00 PM IST - LSG Vs DC	DC			1																		
BEEKeK7	ZjYM1q0	2026-04-01 01:23:12	Sree	M5 - 01/04/2026 - 7:30:00 PM IST - LSG Vs DC	DC			1																		
LDDz8Lp	LZY20v2	2026-04-01 03:11:53	Kuru	M5 - 01/04/2026 - 7:30:00 PM IST - LSG Vs DC	DC			1																		
kbbGV6R	eq24RZQ	2026-04-01 11:23:29	CK	M5 - 01/04/2026 - 7:30:00 PM IST - LSG Vs DC	DC			1																		
GeeRBGQ	818OZ8o	2026-04-01 12:45:15	Ani	M5 - 01/04/2026 - 7:30:00 PM IST - LSG Vs DC	LSG			1																		
bZZWNdZ	xXPN20y	2026-04-01 12:50:33	Binu	M5 - 01/04/2026 - 7:30:00 PM IST - LSG Vs DC	DC			1																		
ArrBQoz	J9JdQrd	2026-04-01 13:17:16	Arya	M5 - 01/04/2026 - 7:30:00 PM IST - LSG Vs DC	DC			1																		
zEE7gD1	J9JdQrd	2026-04-01 13:18:06	Arya	M6 - 02/04/2026 - 7:30:00 PM IST - KKR Vs SRH	KKR			1																		
RWWPPNJ	9qvKOZX	2026-04-01 14:58:32	Vis	M6 - 02/04/2026 - 7:30:00 PM IST - KKR Vs SRH	KKR			1																		
4aarAdY	LZY20v2	2026-04-01 15:42:01	Kuru	M6 - 02/04/2026 - 7:30:00 PM IST - KKR Vs SRH	SRH			1																		
KpplVRk	eq7N0bx	2026-04-01 17:47:02	DD	M6 - 02/04/2026 - 7:30:00 PM IST - KKR Vs SRH	KKR			1																		
WJJ55eR	rjL4Bkl	2026-04-01 17:55:26	Nani	M6 - 02/04/2026 - 7:30:00 PM IST - KKR Vs SRH	KKR			1																		
NqqWWdO	rjL4Bkl	2026-04-01 17:55:56	Nani	M8 - 04/04/2026 - 3:30:00 PM IST - DC Vs MI	DC			1																		
4aaxxyX	rjL4Bkl	2026-04-01 17:56:32	Nani	M9 - 04/04/2026 - 7:30:00 PM IST - GT Vs RR	RR			1																		
q55AA82	rjL4Bkl	2026-04-01 17:57:09	Nani	M10 - 05/04/2026 - 3:30:00 PM IST - SRH Vs LSG	LSG			1																		
jeeQQK9	rjL4Bkl	2026-04-01 17:57:36	Nani	M11 - 05/04/2026 - 7:30:00 PM IST - RCB Vs CSK	RCB			1																		
rDDAEPM	ODYR6Yk	2026-04-01 18:13:29	Kichu	M6 - 02/04/2026 - 7:30:00 PM IST - KKR Vs SRH	SRH			1																		
6DD2Oz5	0QvR7bN	2026-04-01 18:30:12	Sumesh	M6 - 02/04/2026 - 7:30:00 PM IST - KKR Vs SRH	SRH			1																		
Kpp6NW7	ZjYM1q0	2026-04-02 00:13:31	Sree	M6 - 02/04/2026 - 7:30:00 PM IST - KKR Vs SRH	SRH			1																		
xVVdRaG	pbWQvzq	2026-04-02 04:36:29	Veena	M6 - 02/04/2026 - 7:30:00 PM IST - KKR Vs SRH	KKR			1																		
0VVMkV9	EkDO80l	2026-04-02 09:14:29	Fahmi	M6 - 02/04/2026 - 7:30:00 PM IST - KKR Vs SRH	KKR			1																		
RWW4jDj	EkDO80l	2026-04-02 09:15:00	Fahmi	M7 - 03/04/2026 - 7:30:00 PM IST - CSK Vs PBKS	CSK			1																		
RWWL54J	818OZ8o	2026-04-02 11:39:46	Ani	M6 - 02/04/2026 - 7:30:00 PM IST - KKR Vs SRH	SRH			1																		
Eqq0gvN	MeJ68yp	2026-04-02 12:55:11	Binu	M6 - 02/04/2026 - 7:30:00 PM IST - KKR Vs SRH	KKR			1																		
bZZOoNE	9qvKOZX	2026-04-02 13:37:38	Vis	M7 - 03/04/2026 - 7:30:00 PM IST - CSK Vs PBKS	PBKS			1																		
jeexNWJ	0QvR7bN	2026-04-02 13:45:30	Sumesh	M7 - 03/04/2026 - 7:30:00 PM IST - CSK Vs PBKS	CSK			1																		
7XXobR9	eq70Oxq	2026-04-02 14:16:45	Saji	M7 - 03/04/2026 - 7:30:00 PM IST - CSK Vs PBKS	CSK	A		1																		
o99oDJO	ZjYM1q0	2026-04-02 14:20:28	Sree	M7 - 03/04/2026 - 7:30:00 PM IST - CSK Vs PBKS	CSK			1																		
KppL4b7	LZY20v2	2026-04-02 16:20:02	Kuru	M7 - 03/04/2026 - 7:30:00 PM IST - CSK Vs PBKS	CSK			1																		
1WWJkBW	eq24RZQ	2026-04-02 22:14:53	CK	M7 - 03/04/2026 - 7:30:00 PM IST - CSK Vs PBKS	CSK			1																		
WJJMBYk	ODYR6Yk	2026-04-03 01:52:36	Kichu	M7 - 03/04/2026 - 7:30:00 PM IST - CSK Vs PBKS	CSK			1																		
e55x4LJ	818OZ8o	2026-04-03 08:51:16	Ani	M7 - 03/04/2026 - 7:30:00 PM IST - CSK Vs PBKS	CSK			1																		
QooBPoX	pbWQvzq	2026-04-03 08:55:25	Veena	M7 - 03/04/2026 - 7:30:00 PM IST - CSK Vs PBKS	CSK			1																		
e55NKRJ	J9JdQrd	2026-04-03 11:01:52	Arya	M7 - 03/04/2026 - 7:30:00 PM IST - CSK Vs PBKS	CSK			1																		
M11rvOl	J9JdQrd	2026-04-03 11:02:24	Arya	M8 - 04/04/2026 - 3:30:00 PM IST - DC Vs MI	DC			1																		
Vpp946v	b5rJBj7	2026-04-03 11:16:59	Binu	M7 - 03/04/2026 - 7:30:00 PM IST - CSK Vs PBKS	CSK			1																		
4aaPxzO	9qvKOZX	2026-04-03 13:44:38	Vis	M8 - 04/04/2026 - 3:30:00 PM IST - DC Vs MI	MI			1																		
jeeGQY9	9qvKOZX	2026-04-03 13:45:15	Vis	M9 - 04/04/2026 - 7:30:00 PM IST - GT Vs RR	RR	E		1																		
rDDG9av	ZjYM1q0	2026-04-03 18:31:24	Sree	M8 - 04/04/2026 - 3:30:00 PM IST - DC Vs MI	DC			1																		
BEEAo6Q	ZjYM1q0	2026-04-03 18:34:36	Sree	M9 - 04/04/2026 - 7:30:00 PM IST - GT Vs RR	RR	E		1																		
4aaA06o	0QvR7bN	2026-04-03 18:36:20	Sumesh	M8 - 04/04/2026 - 3:30:00 PM IST - DC Vs MI	MI			1																		
DqqARqN	0QvR7bN	2026-04-03 18:37:38	Sumesh	M9 - 04/04/2026 - 7:30:00 PM IST - GT Vs RR	RR	D		1																		
LDDv2bJ	pbWQvzq	2026-04-03 18:52:30	Veena	M8 - 04/04/2026 - 3:30:00 PM IST - DC Vs MI	MI			1																		
Vppv6VM	pbWQvzq	2026-04-03 18:53:08	Veena	M9 - 04/04/2026 - 7:30:00 PM IST - GT Vs RR	RR	C		1																		
e55Ylpk	LZY20v2	2026-04-04 06:26:42	Kuru	M8 - 04/04/2026 - 3:30:00 PM IST - DC Vs MI	MI			1																		
jeekYXa	LZY20v2	2026-04-04 06:27:18	Kuru	M9 - 04/04/2026 - 7:30:00 PM IST - GT Vs RR	RR	E		1																		
GeeQjKe	818OZ8o	2026-04-04 06:30:52	Ani	M8 - 04/04/2026 - 3:30:00 PM IST - DC Vs MI	MI			1																		
RWWV6D4	818OZ8o	2026-04-04 06:31:32	Ani	M9 - 04/04/2026 - 7:30:00 PM IST - GT Vs RR	RR	E		1																		
vXXdoYA	eq24RZQ	2026-04-04 07:58:04	CK	M8 - 04/04/2026 - 3:30:00 PM IST - DC Vs MI	MI			1																		
dbbkBDD	eq24RZQ	2026-04-04 07:59:32	CK	M12 - 06/04/2026 - 7:30:00 PM IST - KKR Vs PBKS	PBKS			1																		
4aaz46o	eq24RZQ	2026-04-04 08:31:41	Pathu	M8 - 04/04/2026 - 3:30:00 PM IST - DC Vs MI	MI			1																		
vXXKGRX	eq24RZQ	2026-04-04 08:31:58	Pathu	M9 - 04/04/2026 - 7:30:00 PM IST - GT Vs RR	GT			1																		
Kppk67z	ODYR6Yk	2026-04-04 09:33:12	Kichu	M8 - 04/04/2026 - 3:30:00 PM IST - DC Vs MI	MI			1																		
bZZvlq6	ODYR6Yk	2026-04-04 09:33:56	Kichu	M9 - 04/04/2026 - 7:30:00 PM IST - GT Vs RR	RR			1																		
QookBqk	EkDO80l	2026-04-04 10:16:09	Fahmi	M8 - 04/04/2026 - 3:30:00 PM IST - DC Vs MI	MI			1																		
o99vVqN	EkDO80l	2026-04-04 10:16:58	Fahmi	M9 - 04/04/2026 - 7:30:00 PM IST - GT Vs RR	GT	D		1																		
RWWk6Ml	9qvKOZX	2026-04-04 11:37:50	Vis	M10 - 05/04/2026 - 3:30:00 PM IST - SRH Vs LSG	LSG			1																		
VppDBza	9qvKOZX	2026-04-04 11:38:10	Vis	M11 - 05/04/2026 - 7:30:00 PM IST - RCB Vs CSK	CSK			1																		
bZZvQz1	eq24RZQ	2026-04-04 12:12:04	CK	M9 - 04/04/2026 - 7:30:00 PM IST - GT Vs RR	RR	E		1																		
o99z29e	0QvR7bN	2026-04-04 13:37:51	Sumesh	M10 - 05/04/2026 - 3:30:00 PM IST - SRH Vs LSG	SRH			1																		
dbbz90A	0QvR7bN	2026-04-04 13:38:22	Sumesh	M11 - 05/04/2026 - 7:30:00 PM IST - RCB Vs CSK	RCB			1																		
2jjoKbe	eq24RZQ	2026-04-04 13:39:50	Arya	M9 - 04/04/2026 - 7:30:00 PM IST - GT Vs RR	GT	A		1																		
Z99e2q5	ZjYM1q0	2026-04-04 13:42:43	Sree	M10 - 05/04/2026 - 3:30:00 PM IST - SRH Vs LSG	LSG			1																		
X55Q0JY	ZjYM1q0	2026-04-04 13:43:41	Sree	M11 - 05/04/2026 - 7:30:00 PM IST - RCB Vs CSK	RCB			1																		
PRRrOa0	LZY20v2	2026-04-04 13:48:08	Kuru	M10 - 05/04/2026 - 3:30:00 PM IST - SRH Vs LSG	SRH			1																		
RWWj5KP	LZY20v2	2026-04-04 13:48:24	Kuru	M11 - 05/04/2026 - 7:30:00 PM IST - RCB Vs CSK	CSK			1																		
4aaOgZO	pbWQvzq	2026-04-04 17:03:13	Veena	M10 - 05/04/2026 - 3:30:00 PM IST - SRH Vs LSG	LSG			1																		
zEEdap1	pbWQvzq	2026-04-04 17:03:48	Veena	M11 - 05/04/2026 - 7:30:00 PM IST - RCB Vs CSK	CSK			1																		
WJJQL6e	eq24RZQ	2026-04-05 05:33:37	CK	M10 - 05/04/2026 - 3:30:00 PM IST - SRH Vs LSG	SRH			1																		
Qoojb9Y	eq24RZQ	2026-04-05 05:33:50	CK	M11 - 05/04/2026 - 7:30:00 PM IST - RCB Vs CSK	CSK			1																		
rDDge82	eq24RZQ	2026-04-05 05:34:07	Pathu	M10 - 05/04/2026 - 3:30:00 PM IST - SRH Vs LSG	SRH			1																		
QoojblX	eq24RZQ	2026-04-05 05:34:23	Pathu	M11 - 05/04/2026 - 7:30:00 PM IST - RCB Vs CSK	RCB			1																		
9NNaq7Q	MeJl1yE	2026-04-05 06:38:34	DD	M10 - 05/04/2026 - 3:30:00 PM IST - SRH Vs LSG	SRH			1																		
Z99gjV0	MeJl1yE	2026-04-05 06:39:51	Binu	M10 - 05/04/2026 - 3:30:00 PM IST - SRH Vs LSG	LSG			1																		
2jjZEJA	MeJl1yE	2026-04-05 06:40:31	DD	M11 - 05/04/2026 - 7:30:00 PM IST - RCB Vs CSK	CSK			1																		
gbbpzkl	ob7YlQ5	2026-04-05 10:01:45	Ani	M10 - 05/04/2026 - 3:30:00 PM IST - SRH Vs LSG	SRH			1																		
WJJgqqa	ob7YlQ5	2026-04-05 10:02:08	Ani	M11 - 05/04/2026 - 7:30:00 PM IST - RCB Vs CSK	CSK			1																		
PRRgLJV	44oRGaX	2026-04-05 11:01:02	Arya	M11 - 05/04/2026 - 7:30:00 PM IST - RCB Vs CSK	RCB			1																		
QooXpG8	44oRGaX	2026-04-05 11:01:44	Arya	M12 - 06/04/2026 - 7:30:00 PM IST - KKR Vs PBKS	PBKS			1																		
GeegWle	ODYR6Yk	2026-04-05 12:01:24	Kichu	M10 - 05/04/2026 - 3:30:00 PM IST - SRH Vs LSG	LSG			1																		
gbbp25D	ODYR6Yk	2026-04-05 12:01:51	Kichu	M11 - 05/04/2026 - 7:30:00 PM IST - RCB Vs CSK	CSK			1																		
OQQgWVg	EkDO80l	2026-04-05 12:17:15	Fahmi	M10 - 05/04/2026 - 3:30:00 PM IST - SRH Vs LSG	LSG			1																		
7XXe85Z	EkDO80l	2026-04-05 12:17:38	Fahmi	M11 - 05/04/2026 - 7:30:00 PM IST - RCB Vs CSK	RCB			1																		
9NN5lJQ	9qvKOZX	2026-04-05 13:45:06	Vis	M12 - 06/04/2026 - 7:30:00 PM IST - KKR Vs PBKS	PBKS			1																		
9NN5JRY	0QvR7bN	2026-04-05 14:08:42	Sumesh	M12 - 06/04/2026 - 7:30:00 PM IST - KKR Vs PBKS	PBKS			1																		
bZZGP9L	pbWQvzq	2026-04-05 16:26:27	Veena	M12 - 06/04/2026 - 7:30:00 PM IST - KKR Vs PBKS	KKR			1																		
4aayk7b	ZjYM1q0	2026-04-05 18:05:05	Sree	M12 - 06/04/2026 - 7:30:00 PM IST - KKR Vs PBKS	PBKS			1																		
RWWaVGQ	LZY20v2	2026-04-05 19:12:52	Kuru	M12 - 06/04/2026 - 7:30:00 PM IST - KKR Vs PBKS	PBKS			1																		
peeN9N1	EkDO80l	2026-04-06 11:36:17	Fahmi	M12 - 06/04/2026 - 7:30:00 PM IST - KKR Vs PBKS	PBKS			1																		
kbb4xPe	EkDO80l	2026-04-06 11:36:41	Fahmi	M13 - 07/04/2026 - 7:30:00 PM IST - RR Vs MI	MI			1																		
dbboV7o	EkDO80l	2026-04-06 11:37:05	Fahmi	M14 - 08/04/2026 - 7:30:00 PM IST - DC Vs GT	GT			1																		
NqqxQ5G	EkDO80l	2026-04-06 11:37:39	Fahmi	M15 - 09/04/2026 - 7:30:00 PM IST - KKR Vs LSG	LSG			1																		
VppaAjE	EkDO80l	2026-04-06 11:38:01	Fahmi	M16 - 10/04/2026 - 7:30:00 PM IST - RR Vs RCB	RCB			1																		
YjjBYLN	9qvKOZX	2026-04-06 13:56:56	Vis	M13 - 07/04/2026 - 7:30:00 PM IST - RR Vs MI	RR			1																		
o99NV9N	pbWQvzq	2026-04-06 14:01:29	Veena	M13 - 07/04/2026 - 7:30:00 PM IST - RR Vs MI	RR			1																		
zEEBQjg	ob7YlQ5	2026-04-06 14:01:34	Ani	M12 - 06/04/2026 - 7:30:00 PM IST - KKR Vs PBKS	KKR			1																		
J11jkAR	ob7YlQ5	2026-04-06 14:02:05	Ani	M13 - 07/04/2026 - 7:30:00 PM IST - RR Vs MI	RR			1																		
yXXA0Ex	rjL4Bkl	2026-04-06 14:07:08	Nani	M12 - 06/04/2026 - 7:30:00 PM IST - KKR Vs PBKS	PBKS			1																		
Vpp799g	rjL4Bkl	2026-04-06 14:07:25	Nani	M13 - 07/04/2026 - 7:30:00 PM IST - RR Vs MI	MI			1																		
2jjdRog	eq24RZQ	2026-04-06 14:37:29	CK	M13 - 07/04/2026 - 7:30:00 PM IST - RR Vs MI	RR			1																		
laa249N	0QvR7bN	2026-04-06 14:37:59	Sumesh	M13 - 07/04/2026 - 7:30:00 PM IST - RR Vs MI	RR			1																		
yXXAgXW	ZjYM1q0	2026-04-06 14:39:39	Sree	M13 - 07/04/2026 - 7:30:00 PM IST - RR Vs MI	RR			1																		
Vpp7AKv	ODYR6Yk	2026-04-06 14:55:58	Kichu	M13 - 07/04/2026 - 7:30:00 PM IST - RR Vs MI	RR			1																		
X55Abje	LZY20v2	2026-04-06 15:27:07	Kuru	M13 - 07/04/2026 - 7:30:00 PM IST - RR Vs MI	RR			1																		
EqqpV2r	J9JdQrd	2026-04-07 13:24:53	Arya	M13 - 07/04/2026 - 7:30:00 PM IST - RR Vs MI	MI			1																		
VpprWEJ	J9JdQrd	2026-04-07 13:25:17	Pathu	M13 - 07/04/2026 - 7:30:00 PM IST - RR Vs MI	MI			1																		
5XXNazb	J9JdQrd	2026-04-07 13:26:06	Arya	M14 - 08/04/2026 - 7:30:00 PM IST - DC Vs GT	DC			1																		
Z99xr60	9qvKOZX	2026-04-07 13:29:53	Vis	M14 - 08/04/2026 - 7:30:00 PM IST - DC Vs GT	DC			1																		
RWWOEL9	MeJl1yE	2026-04-07 13:52:12	DD	M13 - 07/04/2026 - 7:30:00 PM IST - RR Vs MI	MI			1																		
q556lZY	LZY20v2	2026-04-07 16:05:30	Kuru	M14 - 08/04/2026 - 7:30:00 PM IST - DC Vs GT	DC			1																		
kbbDvq1	ZjYM1q0	2026-04-08 01:53:16	Sree	M14 - 08/04/2026 - 7:30:00 PM IST - DC Vs GT	DC			1																		
jeZDb84	MeJl1yE	2026-04-08 04:39:46	DD	M14 - 08/04/2026 - 7:30:00 PM IST - DC Vs GT	DC			1																		
rD5yBZR	MeJl1yE	2026-04-08 04:40:08	Binu	M14 - 08/04/2026 - 7:30:00 PM IST - DC Vs GT	GT			1																		
gbaj091	eq24RZQ	2026-04-08 05:16:36	CK	M14 - 08/04/2026 - 7:30:00 PM IST - DC Vs GT	DC			1																		
PRpj65d	eq24RZQ	2026-04-08 05:16:49	Pathu	M14 - 08/04/2026 - 7:30:00 PM IST - DC Vs GT	DC			1																		
WJ2J80a	pbWQvzq	2026-04-08 12:08:49	Veena	M14 - 08/04/2026 - 7:30:00 PM IST - DC Vs GT	DC			1																		
gbabpoN	ob7YlQ5	2026-04-08 13:25:52	Ani	M14 - 08/04/2026 - 7:30:00 PM IST - DC Vs GT	GT			1																		
M1X1q28	9qvKOZX	2026-04-08 13:32:54	Vis	M15 - 09/04/2026 - 7:30:00 PM IST - KKR Vs LSG	LSG			1																		
0VdVRJP	ZjYM1q0	2026-04-08 13:54:09	Sree	M15 - 09/04/2026 - 7:30:00 PM IST - KKR Vs LSG	LSG			1																		
0VddDMy	LZY20v2	2026-04-08 15:49:33	Kuru	M15 - 09/04/2026 - 7:30:00 PM IST - KKR Vs LSG	LSG			1																		
e5MD4Mx	rjL4Bkl	2026-04-08 20:08:11	Nani	M15 - 09/04/2026 - 7:30:00 PM IST - KKR Vs LSG	KKR			1																		
yXMNL4X	rjL4Bkl	2026-04-08 20:08:28	Nani	M16 - 10/04/2026 - 7:30:00 PM IST - RR Vs RCB	RCB			1																		
Qo1eEaG	0QvR7bN	2026-04-08 22:44:29	Sumesh	M15 - 09/04/2026 - 7:30:00 PM IST - KKR Vs LSG	LSG			1																		
Z98aEje	MeJl1yE	2026-04-09 09:02:50	DD	M15 - 09/04/2026 - 7:30:00 PM IST - KKR Vs LSG	KKR			1																		
bZqddl0	MeJl1yE	2026-04-09 09:17:59	Binu	M15 - 09/04/2026 - 7:30:00 PM IST - KKR Vs LSG	LSG			1																		
NqrWdKp	pbWQvzq	2026-04-09 13:20:18	Veena	M15 - 09/04/2026 - 7:30:00 PM IST - KKR Vs LSG	LSG			1																		
1WX7RX1	eq24RZQ	2026-04-09 13:20:41	CK	M15 - 09/04/2026 - 7:30:00 PM IST - KKR Vs LSG	KKR			1																		
7Xq2ENR	eq24RZQ	2026-04-09 13:20:56	Pathu	M15 - 09/04/2026 - 7:30:00 PM IST - KKR Vs LSG	LSG			1																		
Ge6dbrp	rjL4Bkl	2026-04-09 13:21:17	Nani	M17 - 11/04/2026 - 3:30:00 PM IST - PBKS Vs SRH	PBKS			1																		
1WX7RvM	ODYR6Yk	2026-04-09 13:21:36	Kichu	M15 - 09/04/2026 - 7:30:00 PM IST - KKR Vs LSG	KKR			1																		
LD9WOYG	rjL4Bkl	2026-04-09 13:21:36	Nani	M18 - 11/04/2026 - 7:30:00 PM IST - CSK Vs DC	CSK	D		1																		
PRp5PyP	eq24RZQ	2026-04-09 13:26:08	Arya	M15 - 09/04/2026 - 7:30:00 PM IST - KKR Vs LSG	KKR			1																		
ArzLarB	eq24RZQ	2026-04-09 13:27:30	Arya	M16 - 10/04/2026 - 7:30:00 PM IST - RR Vs RCB	RR			1																		
rD5AgPp	eq24RZQ	2026-04-09 13:28:01	Pathu	M16 - 10/04/2026 - 7:30:00 PM IST - RR Vs RCB	RR			1																		
OQa5y8A	9qvKOZX	2026-04-09 13:35:29	Vis	M16 - 10/04/2026 - 7:30:00 PM IST - RR Vs RCB	RR			1																		
vXMyVN8	LZY20v2	2026-04-09 13:44:52	Kuru	M16 - 10/04/2026 - 7:30:00 PM IST - RR Vs RCB	RCB			1																		
zEjDkO8	MeJl1yE	2026-04-09 14:09:43	DD	M16 - 10/04/2026 - 7:30:00 PM IST - RR Vs RCB	RR			1																		
5XbzPLo	ob7YlQ5	2026-04-09 16:25:55	Ani	M16 - 10/04/2026 - 7:30:00 PM IST - RR Vs RCB	RR			1																		
7Xqda1P	ZjYM1q0	2026-04-09 18:16:58	Sree	M16 - 10/04/2026 - 7:30:00 PM IST - RR Vs RCB	RCB			1																		
7XqZ1JP	0QvR7bN	2026-04-10 01:25:22	Sumesh	M16 - 10/04/2026 - 7:30:00 PM IST - RR Vs RCB	RR			1																		
1WX2Vj4	pbWQvzq	2026-04-10 10:38:04	Veena	M16 - 10/04/2026 - 7:30:00 PM IST - RR Vs RCB	RCB			1																		
RWxZMp4	eq24RZQ	2026-04-10 13:09:49	CK	M16 - 10/04/2026 - 7:30:00 PM IST - RR Vs RCB	RR			1																		
J1qV8Ed	9qvKOZX	2026-04-10 13:57:02	Vis	M17 - 11/04/2026 - 3:30:00 PM IST - PBKS Vs SRH	PBKS			1																		
6DL1rqO	9qvKOZX	2026-04-10 13:57:28	Vis	M18 - 11/04/2026 - 7:30:00 PM IST - CSK Vs DC	CSK	F		1																		
jeZ0pba	pbWQvzq	2026-04-10 14:23:43	Veena	M17 - 11/04/2026 - 3:30:00 PM IST - PBKS Vs SRH	PBKS			1																		
VpG9dJa	pbWQvzq	2026-04-10 14:24:09	Veena	M18 - 11/04/2026 - 7:30:00 PM IST - CSK Vs DC	DC	C		1																		
1WXbjzM	MeJl1yE	2026-04-10 15:11:07	Binu	M18 - 11/04/2026 - 7:30:00 PM IST - CSK Vs DC	DC	C		1																		
KpzPbVA	MeJl1yE	2026-04-10 15:12:58	DD	M17 - 11/04/2026 - 3:30:00 PM IST - PBKS Vs SRH	PBKS			1																		
Nqr4kVG	q4Wre48	2026-04-10 15:13:25	Arya	M18 - 11/04/2026 - 7:30:00 PM IST - CSK Vs DC	CSK	E		1																		
WJ2eylL	q4Wre48	2026-04-10 15:14:06	Pathu	M18 - 11/04/2026 - 7:30:00 PM IST - CSK Vs DC	CSK	D		1																		
2jXb0lM	MeJl1yE	2026-04-10 15:14:17	DD	M18 - 11/04/2026 - 7:30:00 PM IST - CSK Vs DC	DC	D		1																		
kbl0qro	q4Wre48	2026-04-10 15:14:41	Arya	M17 - 11/04/2026 - 3:30:00 PM IST - PBKS Vs SRH	PBKS			1																		
5XblRDE	q4Wre48	2026-04-10 15:15:01	Pathu	M17 - 11/04/2026 - 3:30:00 PM IST - PBKS Vs SRH	PBKS			1																		
9NB20LX	LZY20v2	2026-04-10 17:37:01	Kuru	M17 - 11/04/2026 - 3:30:00 PM IST - PBKS Vs SRH	PBKS			1																		
J1q8EpK	LZY20v2	2026-04-10 17:37:37	Kuru	M18 - 11/04/2026 - 7:30:00 PM IST - CSK Vs DC	CSK	E		1																		
rD5kYNl	ZjYM1q0	2026-04-11 00:14:06	Sree	M17 - 11/04/2026 - 3:30:00 PM IST - PBKS Vs SRH	PBKS			1																		
NqrRO7b	ZjYM1q0	2026-04-11 00:15:25	Sree	M18 - 11/04/2026 - 7:30:00 PM IST - CSK Vs DC	DC	C		1																		
NqrRKJb	0QvR7bN	2026-04-11 02:38:34	Sumesh	M17 - 11/04/2026 - 3:30:00 PM IST - PBKS Vs SRH	SRH			1																		
0VdD2oP	0QvR7bN	2026-04-11 02:39:04	Sumesh	M18 - 11/04/2026 - 7:30:00 PM IST - CSK Vs DC	CSK	E		1																		
LD9OyAv	EkDO80l	2026-04-11 10:01:55	Fahmi	M17 - 11/04/2026 - 3:30:00 PM IST - PBKS Vs SRH	PBKS			1																		
J1qoxB4	EkDO80l	2026-04-11 10:05:18	Fahmi	M18 - 11/04/2026 - 7:30:00 PM IST - CSK Vs DC	CSK	D		1																		
4aQGBa5	ob7YlQ5	2026-04-11 11:44:55	Ani	M18 - 11/04/2026 - 7:30:00 PM IST - CSK Vs DC	CSK	E		1																		
bZqAD26	9qvKOZX	2026-04-11 13:38:20	Vis	M19 - 12/04/2026 - 3:30:00 PM IST - LSG Vs GT	GT			1																		
VpGxd4y	9qvKOZX	2026-04-11 13:38:46	Vis	M20 - 12/04/2026 - 7:30:00 PM IST - MI Vs RCB	MI			1																		
6DLVgvJ	rjL4Bkl	2026-04-11 14:29:19	Nani	M19 - 12/04/2026 - 3:30:00 PM IST - LSG Vs GT	LSG			1																		
VpGxK1g	rjL4Bkl	2026-04-11 14:29:39	Nani	M20 - 12/04/2026 - 7:30:00 PM IST - MI Vs RCB	RCB			1																		
YjPq1q6	rjL4Bkl	2026-04-11 14:30:43	Nani	M21 - 13/04/2026 - 7:30:00 PM IST - SRH Vs RR	RR			1																		
1WXO94L	pbWQvzq	2026-04-11 15:33:27	Veena	M19 - 12/04/2026 - 3:30:00 PM IST - LSG Vs GT	LSG			1																		
EqKAxQ2	pbWQvzq	2026-04-11 15:33:45	Veena	M20 - 12/04/2026 - 7:30:00 PM IST - MI Vs RCB	MI			1																		
EqKgLjl	MeJl1yE	2026-04-11 20:47:51	DD	M19 - 12/04/2026 - 3:30:00 PM IST - LSG Vs GT	LSG			1																		
kblpWdo	MeJl1yE	2026-04-11 20:48:17	DD	M20 - 12/04/2026 - 7:30:00 PM IST - MI Vs RCB	MI			1																		
1WXx0PL	ZjYM1q0	2026-04-11 23:21:40	Sree	M19 - 12/04/2026 - 3:30:00 PM IST - LSG Vs GT	LSG			1																		
PRpgQR0	ZjYM1q0	2026-04-11 23:21:54	Sumesh	M19 - 12/04/2026 - 3:30:00 PM IST - LSG Vs GT	LSG			1																		
bZqDRd6	ZjYM1q0	2026-04-11 23:23:03	Sree	M20 - 12/04/2026 - 7:30:00 PM IST - MI Vs RCB	MI			1																		
jeZp4QQ	ZjYM1q0	2026-04-11 23:23:15	Sumesh	M20 - 12/04/2026 - 7:30:00 PM IST - MI Vs RCB	MI			1																		
VpGyx6a	ob7YlQ5	2026-04-12 05:09:41	Ani	M19 - 12/04/2026 - 3:30:00 PM IST - LSG Vs GT	GT			1																		
PRpyP7Q	ob7YlQ5	2026-04-12 05:10:05	Ani	M20 - 12/04/2026 - 7:30:00 PM IST - MI Vs RCB	RCB			1																		
EqKE0bl	LZY20v2	2026-04-12 08:53:06	Kuru	M20 - 12/04/2026 - 7:30:00 PM IST - MI Vs RCB	RCB			1																		
yXMRxvW	LZY20v2	2026-04-12 09:00:05	Kuru	M19 - 12/04/2026 - 3:30:00 PM IST - LSG Vs GT	GT			1																		
Z98KYz0	EkDO80l	2026-04-12 09:07:18	Fahmi	M19 - 12/04/2026 - 3:30:00 PM IST - LSG Vs GT	GT			1																		
X5LkYOd	EkDO80l	2026-04-12 09:07:42	Fahmi	M20 - 12/04/2026 - 7:30:00 PM IST - MI Vs RCB	RCB			1																		
RWxaYVv	EkDO80l	2026-04-12 09:08:10	Fahmi	M22 - 14/04/2026 - 7:30:00 PM IST - CSK Vs KKR	CSK			1																		
Ge64DbO	EkDO80l	2026-04-12 09:08:35	Fahmi	M23 - 15/04/2026 - 7:30:00 PM IST - RCB Vs LSG	RCB			1																		
yXMRvAx	EkDO80l	2026-04-12 09:09:54	Fahmi	M21 - 13/04/2026 - 7:30:00 PM IST - SRH Vs RR	RR			1																		
BEaVDoA	9qvKOZX	2026-04-12 13:38:14	Vis	M21 - 13/04/2026 - 7:30:00 PM IST - SRH Vs RR	RR			1																		
KpzNBzg	eq24RZQ	2026-04-12 13:44:59	CK	M20 - 12/04/2026 - 7:30:00 PM IST - MI Vs RCB	MI			1																		
M1XQdNk	eq24RZQ	2026-04-12 13:45:16	Pathu	M20 - 12/04/2026 - 7:30:00 PM IST - MI Vs RCB	RCB			1																		
e5Mjxak	eq24RZQ	2026-04-12 13:45:29	Arya	M20 - 12/04/2026 - 7:30:00 PM IST - MI Vs RCB	RCB			1																		
o9Ea00e	ob7YlQ5	2026-04-12 13:51:59	Ani	M21 - 13/04/2026 - 7:30:00 PM IST - SRH Vs RR	RR			1																		
e5MGo4O	ZjYM1q0	2026-04-12 23:49:58	Sumesh	M21 - 13/04/2026 - 7:30:00 PM IST - SRH Vs RR	RR			1																		
aO91l7q	ZjYM1q0	2026-04-12 23:50:13	Sree	M21 - 13/04/2026 - 7:30:00 PM IST - SRH Vs RR	RR			1																		
Nqr25qN	LZY20v2	2026-04-13 06:40:38	Kuru	M21 - 13/04/2026 - 7:30:00 PM IST - SRH Vs RR	SRH			1																		
xVrWak5	pbWQvzq	2026-04-13 13:11:18	Veena	M21 - 13/04/2026 - 7:30:00 PM IST - SRH Vs RR	SRH			1																		
Z98BNZe	eq24RZQ	2026-04-13 13:13:01	CK	M21 - 13/04/2026 - 7:30:00 PM IST - SRH Vs RR	SRH			1																		
rD5Z6qR	eq24RZQ	2026-04-13 13:13:15	Arya	M21 - 13/04/2026 - 7:30:00 PM IST - SRH Vs RR	RR			1																		
2jX6eyj	eq24RZQ	2026-04-13 13:13:28	Pathu	M21 - 13/04/2026 - 7:30:00 PM IST - SRH Vs RR	RR			1																		
NqrZJx0	9qvKOZX	2026-04-13 13:33:35	Vis	M22 - 14/04/2026 - 7:30:00 PM IST - CSK Vs KKR	CSK			1																		
4aQbAKA	pbWQvzq	2026-04-13 13:44:44	Veena	M22 - 14/04/2026 - 7:30:00 PM IST - CSK Vs KKR	CSK			1																		
Z98B4Bv	MeJl1yE	2026-04-13 15:08:16	DD	M22 - 14/04/2026 - 7:30:00 PM IST - CSK Vs KKR	CSK	D		1																		
5XbJNzd	MeJl1yE	2026-04-13 21:21:42	Binu	M22 - 14/04/2026 - 7:30:00 PM IST - CSK Vs KKR	CSK			1																		
1WXLjEO	MeJl1yE	2026-04-13 21:22:09	Binu	M23 - 15/04/2026 - 7:30:00 PM IST - RCB Vs LSG	RCB			1																		
Z98x2jo	2Evd1kL	2026-04-13 22:28:34	Sree	M22 - 14/04/2026 - 7:30:00 PM IST - CSK Vs KKR	CSK			1																		
dbE79bo	2Evd1kL	2026-04-13 22:28:49	Sumesh	M22 - 14/04/2026 - 7:30:00 PM IST - CSK Vs KKR	CSK			1																		
1WX8K4L	LZY20v2	2026-04-14 03:35:40	Kuru	M22 - 14/04/2026 - 7:30:00 PM IST - CSK Vs KKR	CSK			1																		
q5L2Ax8	J9JdQrd	2026-04-14 08:23:17	Arya	M22 - 14/04/2026 - 7:30:00 PM IST - CSK Vs KKR	CSK			1																		
J1qN6OK	J9JdQrd	2026-04-14 08:23:43	Pathu	M22 - 14/04/2026 - 7:30:00 PM IST - CSK Vs KKR	CSK			1																		
xVrepyy	J9JdQrd	2026-04-14 08:24:08	Arya	M23 - 15/04/2026 - 7:30:00 PM IST - RCB Vs LSG	RCB			1																		
ArzVlrW	J9JdQrd	2026-04-14 08:25:51	Pathu	M23 - 15/04/2026 - 7:30:00 PM IST - RCB Vs LSG	RCB			1																		
QoM2YEg	ob7YlQ5	2026-04-14 12:35:49	Ani	M22 - 14/04/2026 - 7:30:00 PM IST - CSK Vs KKR	CSK			1																		
9NXGvg4	ob7YlQ5	2026-04-14 12:36:06	Ani	M23 - 15/04/2026 - 7:30:00 PM IST - RCB Vs LSG	RCB			1																		
xVjxy8k	ob7YlQ5	2026-04-14 12:36:24	Ani	M24 - 16/04/2026 - 7:30:00 PM IST - MI Vs PBKS	PBKS			1																		
PRDjqEx	9qvKOZX	2026-04-14 13:35:09	Vis	M23 - 15/04/2026 - 7:30:00 PM IST - RCB Vs LSG	LSG			1																		
zENX9PZ	LZY20v2	2026-04-14 13:39:46	Kuru	M23 - 15/04/2026 - 7:30:00 PM IST - RCB Vs LSG	RCB			1																		
J1dKQLJ	eq24RZQ	2026-04-14 13:40:47	CK	M23 - 15/04/2026 - 7:30:00 PM IST - RCB Vs LSG	LSG			1																		
yXNZLy8	rjL4Bkl	2026-04-14 13:46:15	Nani	M23 - 15/04/2026 - 7:30:00 PM IST - RCB Vs LSG	LSG			1																		
gbej27D	rjL4Bkl	2026-04-14 13:46:30	Nani	M24 - 16/04/2026 - 7:30:00 PM IST - MI Vs PBKS	PBKS			1																		
7Xbb7Ya	ZjYM1q0	2026-04-15 01:14:14	Sree	M23 - 15/04/2026 - 7:30:00 PM IST - RCB Vs LSG	RCB			1																		
DqKKROl	ZjYM1q0	2026-04-15 01:14:28	Sumesh	M23 - 15/04/2026 - 7:30:00 PM IST - RCB Vs LSG	RCB			1																		
yXN9Pg6	9qvKOZX	2026-04-15 13:48:18	Vis	M24 - 16/04/2026 - 7:30:00 PM IST - MI Vs PBKS	MI			1																		
vXryGb4	MeJl1yE	2026-04-15 13:48:27	DD	M24 - 16/04/2026 - 7:30:00 PM IST - MI Vs PBKS	MI			1																		
vXryYBd	pbWQvzq	2026-04-15 14:09:35	Veena	M24 - 16/04/2026 - 7:30:00 PM IST - MI Vs PBKS	PBKS			1																		
yXN9dvB	rjL4Bkl	2026-04-15 14:54:56	Nani	M25 - 17/04/2026 - 7:30:00 PM IST - GT Vs KKR	KKR			1																		
9NXWMWp	EkDO80l	2026-04-15 17:21:50	Fahmi	M24 - 16/04/2026 - 7:30:00 PM IST - MI Vs PBKS	PBKS			1																		
OQlzkYK	EkDO80l	2026-04-15 17:22:16	Fahmi	M25 - 17/04/2026 - 7:30:00 PM IST - GT Vs KKR	GT			1																		
RWd0kvv	EkDO80l	2026-04-15 17:22:38	Fahmi	M26 - 18/04/2026 - 3:30:00 PM IST - RCB Vs DC	RCB			1																		
zENqLbk	EkDO80l	2026-04-15 17:23:07	Fahmi	M27 - 18/04/2026 - 7:30:00 PM IST - SRH Vs CSK	CSK	C		1																		
zENqLBR	EkDO80l	2026-04-15 17:23:51	Fahmi	M28 - 19/04/2026 - 3:30:00 PM IST - KKR Vs RR	KKR			1																		
2jBka9p	ZjYM1q0	2026-04-15 22:48:57	Sree	M24 - 16/04/2026 - 7:30:00 PM IST - MI Vs PBKS	MI			1																		
o9DBejX	ZjYM1q0	2026-04-15 22:49:11	Sumesh	M24 - 16/04/2026 - 7:30:00 PM IST - MI Vs PBKS	MI			1																		
																										
																										
OQlPMGR	eq24RZQ	2026-04-16 01:30:26	CK	M24 - 16/04/2026 - 7:30:00 PM IST - MI Vs PBKS	PBKS			1																		
vXrB5Av	eq24RZQ	2026-04-16 01:30:41	Pathu	M24 - 16/04/2026 - 7:30:00 PM IST - MI Vs PBKS	MI			1																		
bZ9kQko	eq24RZQ	2026-04-16 01:30:58	Arya	M24 - 16/04/2026 - 7:30:00 PM IST - MI Vs PBKS	MI			1																		
q5aPEE7	LZY20v2	2026-04-16 03:36:42	Kuru	M24 - 16/04/2026 - 7:30:00 PM IST - MI Vs PBKS	MI			1																		
0V7jVVj	9qvKOZX	2026-04-16 13:33:24	Vis	M25 - 17/04/2026 - 7:30:00 PM IST - GT Vs KKR	GT			1																		
																										
jeb9lxx	MeJl1yE	2026-04-16 13:50:29	Binu	M25 - 17/04/2026 - 7:30:00 PM IST - GT Vs KKR	GT			1																		
0V7j67Z	pbWQvzq	2026-04-16 13:56:30	Veena	M25 - 17/04/2026 - 7:30:00 PM IST - GT Vs KKR	GT			1																		
xVj0Njv	LZY20v2	2026-04-16 16:58:37	Kuru	M25 - 17/04/2026 - 7:30:00 PM IST - GT Vs KKR	GT			1																		
7Xb4BA9	ZjYM1q0	2026-04-16 22:09:00	Sree	M25 - 17/04/2026 - 7:30:00 PM IST - GT Vs KKR	GT			1																		
VpjoRrE	ZjYM1q0	2026-04-16 22:09:12	Sumesh	M25 - 17/04/2026 - 7:30:00 PM IST - GT Vs KKR	KKR			1																		
																										
Vpjb9Zv	MeJl1yE	2026-04-17 03:57:05	DD	M25 - 17/04/2026 - 7:30:00 PM IST - GT Vs KKR	GT			1																		
pedvx8y	ob7YlQ5	2026-04-17 09:15:09	Ani	M25 - 17/04/2026 - 7:30:00 PM IST - GT Vs KKR	GT			1																		
M1DVq7Y	9qvKOZX	2026-04-17 13:39:10	Vis	M26 - 18/04/2026 - 3:30:00 PM IST - RCB Vs DC	RCB			1																		
jebzYp9	9qvKOZX	2026-04-17 13:39:34	Vis	M27 - 18/04/2026 - 7:30:00 PM IST - SRH Vs CSK	SRH	C		1																		
DqKa9Al	rjL4Bkl	2026-04-17 13:45:30	Nani	M27 - 18/04/2026 - 7:30:00 PM IST - SRH Vs CSK	CSK	D		1																		
GeK7Pbo	ob7YlQ5	2026-04-17 16:48:43	Ani	M26 - 18/04/2026 - 3:30:00 PM IST - RCB Vs DC	RCB			1																		
vXrW9kl	ob7YlQ5	2026-04-17 16:50:14	Ani	M27 - 18/04/2026 - 7:30:00 PM IST - SRH Vs CSK	SRH	C		1																		
0V7A9dN	ob7YlQ5	2026-04-17 16:50:51	Ani	M28 - 19/04/2026 - 3:30:00 PM IST - KKR Vs RR	RR			1																		
9NXx7lp	pbWQvzq	2026-04-17 17:52:30	Veena	M26 - 18/04/2026 - 3:30:00 PM IST - RCB Vs DC	DC			1																		
BEK6xVR	pbWQvzq	2026-04-17 17:54:27	Veena	M27 - 18/04/2026 - 7:30:00 PM IST - SRH Vs CSK	CSK	C		1																		
q5agEWg	q4Wre48	2026-04-17 18:39:31	Arya	M26 - 18/04/2026 - 3:30:00 PM IST - RCB Vs DC	RCB			1																		
GeKkBok	q4Wre48	2026-04-17 18:39:47	Pathu	M26 - 18/04/2026 - 3:30:00 PM IST - RCB Vs DC	RCB			1																		
ArKa62k	q4Wre48	2026-04-17 18:43:11	Arya	M27 - 18/04/2026 - 7:30:00 PM IST - SRH Vs CSK	CSK	D		1																		
gbegQ51	q4Wre48	2026-04-17 18:43:51	Pathu	M27 - 18/04/2026 - 7:30:00 PM IST - SRH Vs CSK	CSK	C		1																		
ArKa6bl	q4Wre48	2026-04-17 18:44:28	Arya	M28 - 19/04/2026 - 3:30:00 PM IST - KKR Vs RR	RR			1																		
6De41pY	q4Wre48	2026-04-17 18:45:09	Pathu	M28 - 19/04/2026 - 3:30:00 PM IST - KKR Vs RR	RR			1																		
jeb2MjQ	ZjYM1q0	2026-04-18 03:29:01	Sree	M26 - 18/04/2026 - 3:30:00 PM IST - RCB Vs DC	RCB			1																		
KpeyoXX	ZjYM1q0	2026-04-18 03:29:16	Sumesh	M26 - 18/04/2026 - 3:30:00 PM IST - RCB Vs DC	RCB			1																		
2jB5rPA	ZjYM1q0	2026-04-18 03:31:09	Sree	M27 - 18/04/2026 - 7:30:00 PM IST - SRH Vs CSK	CSK	C		1																		
rDBWE65	ZjYM1q0	2026-04-18 03:31:27	Sumesh	M27 - 18/04/2026 - 7:30:00 PM IST - SRH Vs CSK	CSK	B		1																		
PRDylxQ	LZY20v2	2026-04-18 03:43:24	Kuru	M26 - 18/04/2026 - 3:30:00 PM IST - RCB Vs DC	RCB			1																		
VpjyV2E	LZY20v2	2026-04-18 03:43:52	Kuru	M27 - 18/04/2026 - 7:30:00 PM IST - SRH Vs CSK	CSK	C		1																		
rDBbBKp	MeJl1yE	2026-04-18 10:53:25	DD	M27 - 18/04/2026 - 7:30:00 PM IST - SRH Vs CSK	CSK	C		1																		
rDBbBdo	MeJl1yE	2026-04-18 10:53:51	Binu	M27 - 18/04/2026 - 7:30:00 PM IST - SRH Vs CSK	SRH	C		1																		
2jBza09	eq24RZQ	2026-04-18 13:58:19	CK	M27 - 18/04/2026 - 7:30:00 PM IST - SRH Vs CSK	CSK	B		1																		
Eq5edj4	eq24RZQ	2026-04-18 13:58:42	CK	M28 - 19/04/2026 - 3:30:00 PM IST - KKR Vs RR	KKR			1																		
Eq5elKN	eq24RZQ	2026-04-18 13:59:03	CK	M29 - 19/04/2026 - 7:30:00 PM IST - PBKS Vs LSG	LSG			1																		
2jBd1rj	ZjYM1q0	2026-04-19 00:19:38	Sree	M28 - 19/04/2026 - 3:30:00 PM IST - KKR Vs RR	RR			1																		
WJrbDPj	ZjYM1q0	2026-04-19 00:19:57	Sumesh	M28 - 19/04/2026 - 3:30:00 PM IST - KKR Vs RR	RR			1																		
J1djXkd	ZjYM1q0	2026-04-19 00:20:32	Sumesh	M29 - 19/04/2026 - 7:30:00 PM IST - PBKS Vs LSG	PBKS			1																		
aOeJKj9	ZjYM1q0	2026-04-19 00:20:46	Sree	M29 - 19/04/2026 - 7:30:00 PM IST - PBKS Vs LSG	PBKS			1																		
aOeJR8b	9qvKOZX	2026-04-19 03:06:16	Vis	M28 - 19/04/2026 - 3:30:00 PM IST - KKR Vs RR	RR			1																		
rDB9XjN	9qvKOZX	2026-04-19 03:06:51	Vis	M29 - 19/04/2026 - 7:30:00 PM IST - PBKS Vs LSG	PBKS			1																		
YjRB8W5	ob7YlQ5	2026-04-19 03:16:57	Ani	M29 - 19/04/2026 - 7:30:00 PM IST - PBKS Vs LSG	PBKS			1																		
bZ919ZZ	EkDO80l	2026-04-19 04:25:23	Fahmi	M29 - 19/04/2026 - 7:30:00 PM IST - PBKS Vs LSG	PBKS			1																		
rDB8BBN	EkDO80l	2026-04-19 04:25:57	Fahmi	M30 - 20/04/2026 - 7:30:00 PM IST - GT Vs MI	MI			1																		
Z9obo2z	EkDO80l	2026-04-19 04:26:20	Fahmi	M31 - 21/04/2026 - 7:30:00 PM IST - SRH Vs DC	SRH			1																		
RWdqd0l	EkDO80l	2026-04-19 04:26:49	Fahmi	M32 - 22/04/2026 - 7:30:00 PM IST - LSG Vs RR	RR			1																		
PRDZD0d	EkDO80l	2026-04-19 04:27:12	Fahmi	M33 - 23/04/2026 - 7:30:00 PM IST - MI Vs CSK	CSK			1																		
OQlxlYA	EkDO80l	2026-04-19 04:27:35	Fahmi	M34 - 24/04/2026 - 7:30:00 PM IST - RCB Vs GT	RCB			1																		
M1DjDGk	pbWQvzq	2026-04-19 04:29:26	Veena	M28 - 19/04/2026 - 3:30:00 PM IST - KKR Vs RR	KKR			1																		
pedYd1J	pbWQvzq	2026-04-19 04:30:05	Veena	M29 - 19/04/2026 - 7:30:00 PM IST - PBKS Vs LSG	LSG			1																		
vXr5r9g	LZY20v2	2026-04-19 09:31:00	Kuru	M28 - 19/04/2026 - 3:30:00 PM IST - KKR Vs RR	RR			1																		
aOeqeRX	LZY20v2	2026-04-19 09:31:17	Kuru	M29 - 19/04/2026 - 7:30:00 PM IST - PBKS Vs LSG	PBKS			1																		
pedpLWb	eq24RZQ	2026-04-19 10:10:51	Arya	M29 - 19/04/2026 - 7:30:00 PM IST - PBKS Vs LSG	PBKS			1																		
q5a1bE2	eq24RZQ	2026-04-19 10:11:17	Pathu	M29 - 19/04/2026 - 7:30:00 PM IST - PBKS Vs LSG	PBKS			1																		
laqkNM6	eq24RZQ	2026-04-19 10:11:52	Arya	M30 - 20/04/2026 - 7:30:00 PM IST - GT Vs MI	MI			1																		
zEN5KbZ	eq24RZQ	2026-04-19 10:12:22	Pathu	M30 - 20/04/2026 - 7:30:00 PM IST - GT Vs MI	GT			1																		
WJr7zNa	9qvKOZX	2026-04-19 13:50:34	Vis	M30 - 20/04/2026 - 7:30:00 PM IST - GT Vs MI	MI			1																		
kb9P741	pbWQvzq	2026-04-19 14:29:29	Veena	M30 - 20/04/2026 - 7:30:00 PM IST - GT Vs MI	MI			1																		
vXr9qZX	MeJl1yE	2026-04-19 14:43:51	DD	M30 - 20/04/2026 - 7:30:00 PM IST - GT Vs MI	GT			1																		
Eq52qEN	MeJl1yE	2026-04-19 20:43:30	Binu	M30 - 20/04/2026 - 7:30:00 PM IST - GT Vs MI	GT			1																		
								0																		
								0																		
								0																		
								0																		
								0																		
								0																		
								0																		
								0																		
								0																		
								0																		
								0																		
								0																		
								0																		
								0																		
								0																		
								0																		
								0																		
								0																		
								0																		
								0																		
								0																		
								0																		
								0																		
								0																		
								0																		
								0																		
								0																		
								0																		
								0																		
								0																		
								0																		
								0																		
								0																		
								0																		
								0																		
								0																		
								0																		
								0																		
								0																		
								0																		
								0																		
								0																		
								0																		
								0																		
								0																		
								0																		
								0																		
								0																		
								0																		
								0																		
								0																		
								0																		
								0																		
								0																		
								0																		
								0																		
								0																		
								0																		
								0																		
								0																		
								0																		
								0																		
								0																		
								0																		
								0																		
								0																		
								0																		
								0																		
								0																		
								0																		
								0																		
								0																		
								0																		
								0																		
								0																		
								0																		
								0																		
								0																		
								0																		
								0																		
								0																		
								0																		
								0																		
								0																		
								0																		
								0																		
								0																		
								0																		
								0																		
								0																		
								0																		
								0																		
								0																		
								0																		
								0																		
								0																		
								0																		
								0																		
								0																		
								0																		
								0																		
								0																		
								0																		
								0																		
								0																		
								0																		
								0																		
								0																		
								0																		
								0																		
								0																		
								0																		
								0																		
								0																		
								0																		
								0																		
								0																		
								0																		
								0																		
								0																		
								0																		
								0																		
								0																		
								0																		
								0																		
								0																		
								0																		
								0																		
								0																		
								0																		
								0																		
								0																		
								0																		
								0																		
								0																		
								0																		
								0																		
								0																		
								0																		
								0																		
								0																		
								0																		
								0																		
								0																		
								0																		
								0																		
								0																		
								0																		
								0																		
								0																		
								0																		
								0																		
								0																		
								0																		
								0																		
								0																		
								0																		
								0																		
								0																		
								0																		
								0																		
								0																		
								0																		
								0																		
								0																		
								0																		
								0																		
								0																		
								0																		
								0																		
								0																		
								0																		
								0																		
								0																		
								0																		
								0																		
								0																		
								0																		
								0																		
								0																		
								0																		
								0																		
								0																		
								0																		
								0																		
								0																		
								0																		
								0																		
								0																		
								0																		
								0																		
								0																		
								0																		
								0																		
								0																		
								0																		
								0																		
								0																		
								0																		
								0																		
								0																		
								0																		
								0																		
								0																		
								0																		
								0																		
								0																		
								0																		
								0																		
								0																		
								0																		
								0																		
								0																		
								0																		
								0																		
								0																		
								0																		
								0																		
								0																		
								0																		
								0																		
								0																		
								0																		
								0																		
								0																		
								0																		
								0																		
								0																		
								0																		
								0																		
								0																		
								0																		
								0																		
								0																		
								0																		
								0																		
								0																		
								0																		
								0																		
								0																		
								0																		
								0																		
								0																		
								0																		
								0																		
								0																		
								0																		
								0																		
								0																		
								0																		
								0																		
								0																		
								0																		
								0																		
								0																		
								0																		
								0																		
								0																		
								0																		
								0																		
								0																		
								0																		
								0																		
								0																		
								0																		
								0																		
								0																		
								0																		
								0																		
								0																		
								0																		
								0																		
								0																		
								0																		
								0																		
								0																		
								0																		
								0																		
								0																		
								0																		
								0																		
								0																		
								0																		
								0																		
								0																		
								0																		
								0																		
								0																		
								0																		
								0																		
								0																		
								0																		
								0																		
								0																		
								0																		
								0																		
								0																		
								0																		
								0																		
								0																		
								0																		
								0																		
								0																		
								0																		
								0																		
								0																		
								0																		
								0																		
								0																		
								0																		
								0																		
								0																		
								0																		
								0																		
								0																		
								0																		
								0																		
								0																		
								0																		
								0																		
								0																		
								0																		
								0																		
								0																		
								0																		
								0																		
								0																		
								0																		
								0																		
								0																		
								0																		
								0																		
								0																		
								0																		
								0																		
								0																		
								0																		
								0																		
								0																		
								0																		
								0																		
								0																		
								0																		
								0																		
								0																		
								0																		
								0																		
								0																		
								0																		
								0																		
								0																		
								0																		
								0																		
								0																		
								0																		
								0																		
								0																		
								0																		
								0																		
								0																		
								0																		
								0																		
								0																		
								0																		
								0																		
								0																		
								0																		
								0																		
								0																		
								0																		
								0																		
								0																		
								0																		
								0																		
								0																		
								0																		
								0																		
								0																		
								0																		
								0																		
								0																		
								0																		
								0																		
								0																		
								0																		
								0																		
								0																		
								0																		
								0																		
								0																		
								0																		
								0																		
								0																		
								0																		
								0																		
								0																		
								0																		
								0																		
								0																		
								0																		
								0																		
								0																		
								0																		
								0																		
								0																		
								0																		
								0																		
								0																		
								0																		
								0																		
								0																		
								0																		
								0																		
								0																		
								0																		
								0																		
								0																		
								0																		
								0																		
								0																		
								0																		
								0																		
								0																		
								0																		
								0																		
								0																		
								0																		
								0																		
								0																		
								0																		
								0																		
								0																		
								0																		
								0																		
								0																		
								0																		
								0																		
								0																		
								0																		
								0																		
								0																		
								0																		
								0																		
								0																		
								0																		
								0																		
								0																		
								0																		
								0																		
								0																		
								0																		
								0																		
								0																		
								0																		
								0																		
								0																		
								0																		
								0																		
								0																		
								0																		
								0																		
								0																		
								0																		
								0																		
								0																		
								0																		
								0																		
								0																		
								0																		
								0																		
								0																		
								0																		
								0																		
								0																		
								0																		
								0																		
								0																		
								0																		
								0																		
								0																		
								0																		
								0																		
								0																		
								0																		
								0																		
								0																		
								0																		
								0																		
								0																		
								0																		
								0																		
								0																		
								0																		
								0																		
								0																		
								0																		
								0																		
								0																		
								0																		
								0																		
								0																		
								0																		
								0																		
								0																		
								0																		
								0																		
								0																		
								0																		
								0																		
								0																		
								0																		
								0																		
								0																		
								0																		
								0																		
								0																		
								0																		
								0																		
								0																		
								0																		
								0																		
								0																		
								0																		
								0																		
								0																		
								0																		
								0																		
								0																		
								0																		
								0																		
								0																		
								0																		
								0																		
								0																		
								0																		
								0																		
								0																		
								0																		
								0																		
								0																		
								0																		
								0																		
								0																		
								0																		
								0																		
								0																		
								0																		
								0																		
								0																		
								0																		
								0																		
								0																		
								0																		
								0																		
								0																		
								0																		
								0																		
								0																		
								0																		
								0																		
								0																		
								0																		
								0																		
								0																		
								0																		
								0																		
								0																		
								0																		
								0																		
								0																		
								0																		
								0																		
								0																		
								0																		
								0																		
								0																		
								0																		
								0																		
								0																		
								0																		
								0																		
								0																		
								0																		
								0																		
								0																		
								0																		
								0																		
								0																		
								0																		
								0																		
								0																		
								0																		
								0																		
								0																		
								0																		
								0																		
								0																		
								0																		
								0																		
								0																		
								0																		
								0																		
								0																		
								0																		
								0																		
								0																		
								0																		
								0																		
								0																		
								0																		
								0																		
								0																		
								0																		
								0																		
								0																		
								0																		
								0																		
								0																		
								0																		
								0																		
								0																		
								0																		
								0																		
								0																		
								0																		
								0																		
								0																		
								0																		
								0																		
								0																		
								0																		
								0																		
								0																		
								0																		
								0																		
								0																		
								0																		